p_mtorr,Te_eV,f_ion,n_m3,lam,gam,gamma_c,gam_over_gc,t_pen_periods,t_pen_ms
10.0,0.5,1e-06,323879696508292.56,2.3489143005944566,6463.85687465188,2.6307840166657916,2457.007809726644,0.008859508072304621,3.543803228921849e-05
10.0,0.5,1e-05,3238796965082926.0,2.468660844758727,713.9704627141693,2.7649001461297744,258.2264910049515,0.030238145114968643,0.00012095258045987457
10.0,0.5,0.0001,3.2387969650829256e+16,2.608811445163793,79.73385643161306,2.9218688185834485,27.28865030643944,0.10563099567737357,0.00042252398270949424
10.0,0.5,0.001,3.2387969650829254e+17,2.775907673653641,9.027498449269896,3.1090165944920782,2.903650776667766,0.4444332374408446,0.0017777329497633786
10.0,0.5,0.01,3.2387969650829256e+18,2.979862154110295,1.0402787724111409,3.337445612603531,0.31169909360698844,inf,inf
10.0,0.5,0.1,3.238796965082926e+19,3.236580916972575,0.12272423284157645,3.6249706270092847,0.03385523510926427,inf,inf
10.0,0.5,1.0,3.2387969650829256e+20,3.573605372624384,0.014961342752466952,4.00243801733931,0.003738057325972724,inf,inf
10.0,1.057371263440564,1e-06,323879696508292.56,3.9411775013113046,18197.40150559368,4.414118801468661,4122.544572098752,0.019253607997671684,7.701443199068673e-05
10.0,1.057371263440564,1e-05,3238796965082926.0,4.1239070752004805,1992.3935585137165,4.618775924224539,431.3683086603137,0.06523606182586923,0.00026094424730347695
10.0,1.057371263440564,0.0001,3.2387969650829256e+16,4.334662848945984,220.12432377477487,4.854822390819503,45.34137524598865,0.22454128509795013,0.0008981651403918005
10.0,1.057371263440564,0.001,3.2387969650829254e+17,4.5814292987959595,24.590047368959322,5.131200814651475,4.7922597959420425,0.8577151334159422,0.003430860533663769
10.0,1.057371263440564,0.01,3.2387969650829256e+18,4.875787550684994,2.7851393924505103,5.460882056767194,0.5100163972593275,inf,inf
10.0,1.057371263440564,0.1,3.238796965082926e+19,5.235308226800091,0.3211011781197737,5.863545214016102,0.054762292503896755,inf,inf
10.0,1.057371263440564,1.0,3.2387969650829256e+20,5.688230370056722,0.03790633017542611,6.370818014463529,0.005949994190599731,inf,inf
10.0,2.23606797749979,1e-06,323879696508292.56,6.6365590952225535,51599.24171794038,7.83517250786736,6585.591021273515,0.04319283050498652,0.00017277132201994608
10.0,2.23606797749979,1e-05,3238796965082926.0,6.918715799159537,5608.004719278051,8.405397859752512,667.1908710152566,0.14758485067831953,0.0005903394027132781
10.0,2.23606797749979,0.0001,3.2387969650829256e+16,7.240219232682826,614.1307185417303,8.971815731172011,68.45110699364585,0.5079243443866249,0.0020316973775464995
10.0,2.23606797749979,0.001,3.2387969650829254e+17,7.6111559213267475,67.86699585587378,9.591483502910984,7.07575588648788,1.8702136210249478,0.007480854484099792
10.0,2.23606797749979,0.01,3.2387969650829256e+18,8.045648115629913,7.583670518712657,10.298202963641769,0.7364071717645417,inf,inf
10.0,2.23606797749979,0.1,3.238796965082926e+19,8.564199449560425,0.8592725405920061,11.130010936493681,0.07720320721110677,inf,inf
10.0,2.23606797749979,1.0,3.2387969650829256e+20,9.197955774990758,0.09911514526264385,12.140383542768545,0.00816408681929016,inf,inf
10.0,4.728708045015879,1e-06,323879696508292.56,11.209439120947195,147205.8783272351,15.354654308256311,9587.052588222805,0.1021263940206013,0.0004085055760824052
10.0,4.728708045015879,1e-05,3238796965082926.0,11.649488235772516,15899.046586713357,16.06329076019041,989.7751851766204,0.34344330199397055,0.0013737732079758822
10.0,4.728708045015879,0.0001,3.2387969650829256e+16,12.14579506629972,1728.2608249822008,16.865525615926288,102.47298924085631,1.1653779780072802,0.004661511912029121
10.0,4.728708045015879,0.001,3.2387969650829254e+17,12.711468205293968,189.2992174563879,17.78393833415608,10.644392366836833,4.140417463411277,0.016561669853645107
10.0,4.728708045015879,0.01,3.2387969650829256e+18,13.36433403090044,20.924352682628847,18.849432242567566,1.1100786704532934,42.83839511134839,0.17135358044539356
10.0,4.728708045015879,0.1,3.238796965082926e+19,14.129371286937213,2.3388537322935434,20.105623576058385,0.11632833587308536,inf,inf
10.0,4.728708045015879,1.0,3.2387969650829256e+20,15.042881287560375,0.2651059310803353,21.616420083401895,0.01226409970094429,inf,inf
10.0,10.0,1e-06,323879696508292.56,18.982948756589874,422167.44333196286,28.263994405010443,14936.581053707114,0.2346423638645624,0.0009385694554582496
10.0,10.0,1e-05,3238796965082926.0,19.675116156949958,45351.535682825735,29.452960610107922,1539.7954821309747,0.7852976443545413,0.0031411905774181652
10.0,10.0,0.0001,3.2387969650829256e+16,20.4489750587605,4898.921473665176,30.789414268849768,159.11057712525266,2.6463834049122252,0.010585533619648901
10.0,10.0,0.001,3.2387969650829254e+17,21.321972160764332,532.613452638256,32.30597990612393,16.486528320327892,9.193224047158909,0.036772896188635634
10.0,10.0,0.01,3.2387969650829256e+18,22.317259958543588,58.349767799472666,34.04624939642854,1.713838347362678,46.91070320877221,0.18764281283508885
10.0,10.0,0.1,3.238796965082926e+19,23.466344377074545,6.451315288399309,36.069991509599056,0.1788554701123915,inf,inf
10.0,10.0,1.0,3.2387969650829256e+20,24.81340753377698,0.7213237045675395,38.46172702719041,0.018754324371799573,inf,inf
17.78279410038923,0.5,1e-06,575948595630351.9,2.377211204773246,3722.9990449551283,2.6624765493460356,1398.321816531898,0.01203032758418142,4.812131033672569e-05
17.78279410038923,0.5,1e-05,5759485956303519.0,2.501572255363559,412.27166832040524,2.8017609260071863,147.14734026501583,0.04119274951968578,0.00016477099807874312
17.78279410038923,0.5,0.0001,5.759485956303518e+16,2.6477437715035137,46.18588796969184,2.9654730240839355,15.574543283515156,0.14613174453790176,0.0005845269781516071
17.78279410038923,0.5,0.001,5.759485956303519e+17,2.822950275757005,5.250054895258407,3.161704308847846,1.6605141981704088,0.7802890530582463,0.003121156212232985
17.78279410038923,0.5,0.01,5.759485956303519e+18,3.0382819737522078,0.6081539635271718,3.402875810602473,0.1787176486524494,inf,inf
17.78279410038923,0.5,0.1,5.759485956303519e+19,3.3118382809476894,0.07225961297675773,3.7092588746614124,0.019480876212327917,inf,inf
17.78279410038923,0.5,1.0,5.7594859563035184e+20,3.675692228754209,0.00890093578404605,4.116775296204715,0.0021621135825051927,inf,inf
17.78279410038923,1.057371263440564,1e-06,575948595630351.9,3.9845748822970357,10459.751661825381,4.462723868172681,2343.8043604764325,0.026102740751439518,0.00010441096300575807
17.78279410038923,1.057371263440564,1e-05,5759485956303519.0,4.17370323869851,1147.6263738434243,4.674547627342331,245.50533342108574,0.08865211481141841,0.0003546084592456736
17.78279410038923,1.057371263440564,0.0001,5.759485956303518e+16,4.3926009274237545,127.11619527005962,4.9197130387146055,25.838132075945595,0.30808756363126727,0.001232350254525069
17.78279410038923,1.057371263440564,0.001,5.759485956303519e+17,4.649998125583671,14.245016061931253,5.207997900653711,2.7352192404192808,1.306226572502265,0.005224906290009061
17.78279410038923,1.057371263440564,0.01,5.759485956303519e+18,4.958688601204324,1.6199106464743545,5.553731233348843,0.29167969756029494,inf,inf
17.78279410038923,1.057371263440564,0.1,5.759485956303519e+19,5.338337309370314,0.18774544585094105,5.978937786494753,0.031401137217888626,inf,inf
17.78279410038923,1.057371263440564,1.0,5.7594859563035184e+20,5.821092631654684,0.022323711857400237,6.519623747453247,0.003424079781616312,inf,inf
17.78279410038923,2.23606797749979,1e-06,575948595630351.9,6.703851697305435,29607.803114536186,7.985238144711778,3707.817171882838,0.05874059609340645,0.0002349623843736258
17.78279410038923,2.23606797749979,1e-05,5759485956303519.0,6.9950626115510435,3223.5959382479678,8.544137640557052,377.2874541423936,0.2007305520093236,0.0008029222080372944
17.78279410038923,2.23606797749979,0.0001,5.759485956303518e+16,7.327849950819633,353.7614647187947,9.120372147429306,38.78805151810685,0.6951299847011747,0.002780519938804699
17.78279410038923,2.23606797749979,0.001,5.759485956303519e+17,7.713152591612847,39.194148527461,9.758677627510579,4.0163380760697756,2.7259254493523755,0.010903701797409501
17.78279410038923,2.23606797749979,0.01,5.759485956303519e+18,8.166415173327957,4.393597801117846,10.492691698664533,0.4187293334537833,inf,inf
17.78279410038923,2.23606797749979,0.1,5.759485956303519e+19,8.710294563528397,0.4998308664455798,11.363256421607037,0.04398658693428408,inf,inf
17.78279410038923,2.23606797749979,1.0,5.7594859563035184e+20,9.379661560123205,0.057960446743573465,12.429743552803076,0.004663044454404902,inf,inf
17.78279410038923,4.728708045015879,1e-06,575948595630351.9,11.314762502041383,84342.85011603888,15.524042426982037,5433.046869895447,0.1382290319945837,0.0005529161279783348
17.78279410038923,4.728708045015879,1e-05,5759485956303519.0,11.767842953031543,9123.282343444076,16.254305451625463,561.2840469004309,0.46556436929056466,0.0018622574771622587
17.78279410038923,4.728708045015879,0.0001,5.759485956303518e+16,12.280109054761185,993.4861906677224,17.083198268715424,58.155749002053106,1.5873204923086297,0.006349281969234519
17.78279410038923,4.728708045015879,0.001,5.759485956303519e+17,12.865680997374813,109.04931590376628,18.03508013624104,6.046511303525313,5.863542382825196,0.023454169531300785
17.78279410038923,4.728708045015879,0.01,5.759485956303519e+18,13.543895123366491,12.084941486370232,19.143529860320886,0.6312807290268286,inf,inf
17.78279410038923,4.728708045015879,0.1,5.759485956303519e+19,14.342075301406451,1.3551313246942565,20.456351604018593,0.06624501528552358,inf,inf
17.78279410038923,4.728708045015879,1.0,5.7594859563035184e+20,15.300346379859935,0.15422682327442083,22.04434142974903,0.006996209152625916,inf,inf
17.78279410038923,10.0,1e-06,575948595630351.9,19.149123122701237,241576.77024314422,28.548881518957472,8461.864612199559,0.3172345982034453,0.0012689383928137811
17.78279410038923,10.0,1e-05,5759485956303519.0,19.860319941625516,25985.42765739084,29.77212417075808,872.8106704228212,1.0630447008508055,0.004252178803403222
17.78279410038923,10.0,0.0001,5.759485956303518e+16,20.65713939381249,2811.2388625349718,31.150186447518184,90.24789842819546,3.5944421395559205,0.014377768558223682
17.78279410038923,10.0,0.001,5.759485956303519e+17,21.558267166578155,306.1858292947468,32.71806763177664,9.358310299394672,12.792593219981415,0.05117037287992566
17.78279410038923,10.0,0.01,5.759485956303519e+18,22.588646301899516,33.61536242648184,34.52281621314161,0.9737143754131409,inf,inf
17.78279410038923,10.0,0.1,5.759485956303519e+19,23.782457732237475,3.7262402676784063,36.62940595607246,0.10172811080111624,inf,inf
17.78279410038923,10.0,1.0,5.7594859563035184e+20,25.188042538148714,0.4179710707519112,39.13052149944173,0.010681459248067378,inf,inf
31.622776601683793,0.5,1e-06,1024197528850288.1,2.406556045034245,2145.602902424528,2.6953427704383546,796.0408323411793,0.016345092373657045,6.538036949462819e-05
31.622776601683793,0.5,1e-05,1.0241975288502882e+16,2.5358360602609764,238.231801173381,2.840136387492294,83.88040877985033,0.056209088203091534,0.00022483635281236614
31.622776601683793,0.5,0.0001,1.0241975288502883e+17,2.688472799932397,26.77741698024307,3.011089535924285,8.89293282739381,0.20473034887161404,0.0008189213954864562
31.622776601683793,0.5,0.001,1.0241975288502883e+18,2.872468567315232,3.0568065666759936,3.21716479539306,0.950155419782444,inf,inf
31.622776601683793,0.5,0.01,1.0241975288502882e+19,3.1002782012464705,0.35608913361765854,3.472311585396047,0.1025510311676259,inf,inf
31.622776601683793,0.5,0.1,1.0241975288502883e+20,3.39260190907876,0.04264058869120986,3.7997141381682114,0.011222051749336671,inf,inf
31.622776601683793,0.5,1.0,1.0241975288502882e+21,3.78705956931791,0.0053132672467599545,4.241506717636059,0.0012526839164647664,inf,inf
31.622776601683793,1.057371263440564,1e-06,1024197528850288.1,4.029438157505571,6015.148826665997,4.51297073640624,1332.8579284021612,0.03540382417838438,0.00014161529671353752
31.622776601683793,1.057371263440564,1e-05,1.0241975288502882e+16,4.225347956290155,661.4276487942761,4.7323897110449735,139.7660989860077,0.12060724686437772,0.0004824289874575109
31.622776601683793,1.057371263440564,0.0001,1.0241975288502883e+17,4.452926132828837,73.4595679018808,4.987277268768298,14.729393202560608,0.4258488180842724,0.0017033952723370896
31.622776601683793,1.057371263440564,0.001,1.0241975288502883e+18,4.721740824073373,8.2596506278841,5.288349722962178,1.5618578688206723,2.3669069900493676,0.009467627960197471
31.622776601683793,1.057371263440564,0.01,1.0241975288502882e+19,5.045967333354837,0.9432922295407566,5.651483413357418,0.16691055437078034,inf,inf
31.622776601683793,1.057371263440564,0.1,1.0241975288502883e+20,5.4476987877722935,0.10994704488126891,6.10142264230497,0.018019903115535293,inf,inf
31.622776601683793,1.057371263440564,1.0,1.0241975288502882e+21,5.963722045020583,0.013176260585432696,6.679368690423053,0.001972680532566641,inf,inf
31.622776601683793,2.23606797749979,1e-06,1024197528850288.1,6.773233684182637,16996.108960093094,8.127784329732792,2091.112198673689,0.07985414334121403,0.00031941657336485613
31.622776601683793,2.23606797749979,1e-05,1.0241975288502882e+16,7.073993937837203,1853.9019199724537,8.684297758590057,213.47747066119078,0.27318890578942506,0.0010927556231577003
31.622776601683793,2.23606797749979,0.0001,1.0241975288502883e+17,7.418741554523438,203.90030312272012,9.272834777148065,21.988993444077227,0.9559932235260338,0.003823972894104135
31.622776601683793,2.23606797749979,0.001,1.0241975288502883e+18,7.819362879196217,22.65166468445309,9.931816847859977,2.2807171166606715,4.299384293067301,0.017197537172269205
31.622776601683793,2.23606797749979,0.01,1.0241975288502882e+19,8.292788990816021,2.5477606020177377,10.695628349243034,0.23820579014397517,inf,inf
31.622776601683793,2.23606797749979,0.1,1.0241975288502883e+20,8.864130804605294,0.2910916178847339,11.608580006260432,0.025075557710568398,inf,inf
31.622776601683793,2.23606797749979,1.0,1.0241975288502882e+21,9.572579916678635,0.03394809345732685,12.73700644139385,0.0026653117915524742,inf,inf
31.622776601683793,4.728708045015879,1e-06,1024197528850288.1,11.423111629170974,48342.17979726382,15.698439745666178,3079.425763353935,0.18715207006802373,0.0007486082802720949
31.622776601683793,4.728708045015879,1e-05,1.0241975288502882e+16,11.889879882237349,5237.3587333029955,16.451454875296896,318.3523143091305,0.6315012803805455,0.002526005121522182
31.622776601683793,4.728708045015879,0.0001,1.0241975288502883e+17,12.41897984498118,571.385522359988,17.308513916659013,33.01181864088538,2.169236016760024,0.008676944067040096
31.622776601683793,4.728708045015879,0.001,1.0241975288502883e+18,13.025646135540647,62.85733135864518,18.29594019601598,3.4355890260470265,8.651405791360283,0.03460562316544113
31.622776601683793,4.728708045015879,0.01,1.0241975288502882e+19,13.730893974749979,6.984816722808121,19.45029288744078,0.35911113335050476,inf,inf
31.622776601683793,4.728708045015879,0.1,1.0241975288502883e+20,14.56468407403371,0.7858859507479932,20.824094915857387,0.037739260886174075,inf,inf
31.622776601683793,4.728708045015879,1.0,1.0241975288502882e+21,15.571500617064771,0.08982936345831641,22.496014618470408,0.003993123447944499,inf,inf
31.622776601683793,10.0,1e-06,1024197528850288.1,19.31973932209094,138280.17233765617,28.841751486716724,4794.444345772208,0.42901138329385335,0.0017160455331754134
31.622776601683793,10.0,1e-05,1.0241975288502882e+16,20.05085418251913,14894.404525016776,30.100923907394673,494.8155269532367,1.4397050321869556,0.005758820128747823
31.622776601683793,10.0,0.0001,1.0241975288502883e+17,20.87179311163871,1613.9010720916403,31.522764802409636,51.197954310412264,4.8929034829380065,0.019571613931752028
31.622776601683793,10.0,0.001,1.0241975288502883e+18,21.80259644283745,176.10586509409552,33.14487438996146,5.31321564300248,18.214027278381465,0.07285610911352586
31.622776601683793,10.0,0.01,1.0241975288502882e+19,22.87018017979309,19.377447098722538,35.01811717005382,0.5533549106773051,inf,inf
31.622776601683793,10.0,0.1,1.0241975288502883e+20,24.11170023643639,2.1538381197992877,37.21326778921995,0.05787823128027521,inf,inf
31.622776601683793,10.0,1.0,1.0241975288502882e+21,25.580175413099113,0.24241775455314743,39.83221472063249,0.006085972277800025,inf,inf
56.23413251903491,0.5,1e-06,1821309377367213.0,2.437015141895671,1237.2966663241418,2.729456958923152,453.3123932506671,0.022222215120177767,8.888886048071106e-05
56.23413251903491,0.5,1e-05,1.8213093773672132e+16,2.571547492261576,137.76740766952395,2.8801331913329657,47.83369327644298,0.07689534170661351,0.00030758136682645405
56.23413251903491,0.5,0.0001,1.821309377367213e+17,2.731141117549003,15.539808724528203,3.0588780516548835,5.080231530028146,0.29385698168004565,0.0011754279267201825
56.23413251903491,0.5,0.001,1.821309377367213e+18,2.9246876010701883,1.782035517054835,3.275650113198611,0.544024989077576,inf,inf
56.23413251903491,0.5,0.01,1.821309377367213e+19,3.166231299163769,0.2088539354126407,3.546179055063422,0.0588954850191301,inf,inf
56.23413251903491,0.5,0.1,1.8213093773672133e+20,3.4795777597407795,0.025223798026906757,3.8971270909096734,0.006472408376350636,inf,inf
56.23413251903491,0.5,1.0,1.821309377367213e+21,3.909204481885192,0.0031837148536599694,4.378309019711415,0.0007271562695384656,inf,inf
56.23413251903491,1.057371263440564,1e-06,1821309377367213.0,4.075851755955952,3460.9406124675465,4.564953966670667,758.1545482684671,0.048043498808496364,0.00019217399523398547
56.23413251903491,1.057371263440564,1e-05,1.8213093773672132e+16,4.278958504777917,381.44641492396613,4.792433525351267,79.59347018715457,0.1643512658472019,0.0006574050633888076
56.23413251903491,1.057371263440564,0.0001,1.821309377367213e+17,4.515807021861025,42.484267696670614,5.057703864484348,8.399912061874355,0.5965510379657959,0.0023862041518631838
56.23413251903491,1.057371263440564,0.001,1.821309377367213e+18,4.79691005153631,4.793806914578992,5.372539257720668,0.8922795506221752,inf,inf
56.23413251903491,1.057371263440564,0.01,1.821309377367213e+19,5.138023108160654,0.5499832891210001,5.754585881139933,0.09557304391329255,inf,inf
56.23413251903491,1.057371263440564,0.1,1.8213093773672133e+20,5.56406910003194,0.06449743110780894,6.231757392035774,0.010349798146865773,inf,inf
56.23413251903491,1.057371263440564,1.0,1.821309377367213e+21,6.117377113941327,0.007796288390050577,6.851462367614287,0.001137901366415194,inf,inf
56.23413251903491,2.23606797749979,1e-06,1821309377367213.0,6.844815466358433,9760.69800687479,8.267084334223899,1180.6699450818062,0.108550884606081,0.00043420353842432404
56.23413251903491,2.23606797749979,1e-05,1.8213093773672132e+16,7.155658967689575,1066.7352739112875,8.826644874545828,120.85399255016206,0.37218867284139107,0.0014887546913655643
56.23413251903491,2.23606797749979,0.0001,1.821309377367213e+17,7.513101432439659,117.59690504060877,9.42970550753252,12.470899005983961,1.3262637891444604,0.005305055156577842
56.23413251903491,2.23606797749979,0.001,1.821309377367213e+18,7.93008512723753,13.101260629679034,10.111459622017897,1.2956844134699197,9.20304654969518,0.036812186198780725
56.23413251903491,2.23606797749979,0.01,1.821309377367213e+19,8.425217278096346,1.4788346133613477,10.907784052616949,0.1355760809187043,inf,inf
56.23413251903491,2.23606797749979,0.1,1.8213093773672133e+20,9.026416876161887,0.16974154929635143,11.867173211887136,0.014303452580124502,inf,inf
56.23413251903491,2.23606797749979,1.0,1.821309377367213e+21,9.777913573417202,0.019918185655857207,13.0641900544777,0.001524639918188447,inf,inf
56.23413251903491,4.728708045015879,1e-06,1821309377367213.0,11.534634206974673,27718.201051882916,15.87809896529889,1745.6876363134036,0.2534772269019845,0.001013908907607938
56.23413251903491,4.728708045015879,1e-05,1.8213093773672132e+16,12.015794003959572,3007.892675613426,16.65507446955224,180.5991730095393,0.8573199268871814,0.0034292797075487257
56.23413251903491,4.728708045015879,0.0001,1.821309377367213e+17,12.562671065832847,328.792092990938,17.541928927356906,18.743212012344987,2.981521821065307,0.01192608728426123
56.23413251903491,4.728708045015879,0.001,1.821309377367213e+18,13.191730366755696,36.25441647973871,18.567157834146172,1.952609914968491,14.188488062723714,0.05675395225089486
56.23413251903491,4.728708045015879,0.01,1.821309377367213e+19,13.925858661572343,4.0401859472090935,19.77064914992054,0.2043527208728668,inf,inf
56.23413251903491,4.728708045015879,0.1,1.8213093773672133e+20,14.797990973950952,0.4562080074076426,21.210259989458606,0.021508836178074937,inf,inf
56.23413251903491,4.728708045015879,1.0,1.821309377367213e+21,15.8576017102654,0.05238806996838536,22.97369243195995,0.002280350454048278,inf,inf
56.23413251903491,10.0,1e-06,1821309377367213.0,19.49499883111234,79177.87002944863,29.142978269835258,2716.876404886954,0.5803387392761342,0.002321354957104537
56.23413251903491,10.0,1e-05,1.8213093773672132e+16,20.246979584222736,8540.393424611044,30.43984669839397,280.5662429653971,1.9510493778931999,0.0078041975115727994
56.23413251903491,10.0,0.0001,1.821309377367213e+17,21.093280545014096,926.9272405806387,31.90779670804428,29.050180088020646,6.6851409262346015,0.026740563704938408
56.23413251903491,10.0,0.001,1.821309377367213e+18,22.055425848468314,101.34172275928373,33.58728248153358,3.0172647285472354,27.254585637217232,0.10901834254886893
56.23413251903491,10.0,0.01,1.821309377367213e+19,23.16251016216471,11.177087050116274,35.53339060633521,0.3145516613920745,inf,inf
56.23413251903491,10.0,0.1,1.8213093773672133e+20,24.455006624434176,1.245928032367814,37.823377957678524,0.03294068641256506,inf,inf
56.23413251903491,10.0,1.0,1.821309377367213e+21,25.991212100575826,0.14073770159061164,40.56954335401069,0.003469048206003491,inf,inf
100.0,0.5,1e-06,3238796965082925.0,2.468660844758727,713.9704627141696,2.7649001461297744,258.2264910049516,0.030238145114968636,0.00012095258045987455
100.0,0.5,1e-05,3.2387969650829256e+16,2.608811445163793,79.73385643161306,2.9218688185834485,27.28865030643944,0.10563099567737357,0.00042252398270949424
100.0,0.5,0.0001,3.2387969650829254e+17,2.775907673653641,9.027498449269896,3.1090165944920782,2.903650776667766,0.4444332374408446,0.0017777329497633786
100.0,0.5,0.001,3.2387969650829256e+18,2.979862154110295,1.0402787724111409,3.337445612603531,0.31169909360698844,inf,inf
100.0,0.5,0.01,3.2387969650829255e+19,3.236580916972575,0.12272423284157648,3.6249706270092847,0.033855235109264276,inf,inf
100.0,0.5,0.1,3.2387969650829256e+20,3.573605372624384,0.014961342752466952,4.00243801733931,0.003738057325972724,inf,inf
100.0,0.5,1.0,3.2387969650829254e+21,4.043985552091244,0.001915916502834775,4.529263818342193,0.0004230083695005519,inf,inf
100.0,1.057371263440564,1e-06,3238796965082925.0,4.1239070752004805,1992.393558513717,4.618775924224539,431.36830866031374,0.06523606182586923,0.00026094424730347695
100.0,1.057371263440564,1e-05,3.2387969650829256e+16,4.334662848945984,220.12432377477487,4.854822390819503,45.34137524598865,0.22454128509795013,0.0008981651403918005
100.0,1.057371263440564,0.0001,3.2387969650829254e+17,4.5814292987959595,24.590047368959322,5.131200814651475,4.7922597959420425,0.8577151334159422,0.003430860533663769
100.0,1.057371263440564,0.001,3.2387969650829256e+18,4.875787550684994,2.7851393924505103,5.460882056767194,0.5100163972593275,inf,inf
100.0,1.057371263440564,0.01,3.2387969650829255e+19,5.235308226800091,0.32110117811977373,5.863545214016102,0.05476229250389676,inf,inf
100.0,1.057371263440564,0.1,3.2387969650829256e+20,5.688230370056722,0.03790633017542611,6.370818014463529,0.005949994190599731,inf,inf
100.0,1.057371263440564,1.0,3.2387969650829254e+21,6.283555730854771,0.004625602726032085,7.037582418557345,0.0006572715530598789,inf,inf
100.0,2.23606797749979,1e-06,3238796965082925.0,6.918715799159537,5608.004719278051,8.405397859752512,667.1908710152566,0.14758485067831953,0.0005903394027132781
100.0,2.23606797749979,1e-05,3.2387969650829256e+16,7.240219232682826,614.1307185417303,8.971815731172011,68.45110699364585,0.5079243443866249,0.0020316973775464995
100.0,2.23606797749979,0.0001,3.2387969650829254e+17,7.6111559213267475,67.86699585587378,9.591483502910984,7.07575588648788,1.8702136210249478,0.007480854484099792
100.0,2.23606797749979,0.001,3.2387969650829256e+18,8.045648115629913,7.583670518712657,10.298202963641769,0.7364071717645417,inf,inf
100.0,2.23606797749979,0.01,3.2387969650829255e+19,8.564199449560425,0.8592725405920062,11.130010936493681,0.07720320721110677,inf,inf
100.0,2.23606797749979,0.1,3.2387969650829256e+20,9.197955774990758,0.09911514526264385,12.140383542768545,0.00816408681929016,inf,inf
100.0,2.23606797749979,1.0,3.2387969650829254e+21,9.997053988741117,0.011708505455273825,13.413631798114215,0.0008728810833259856,inf,inf
100.0,4.728708045015879,1e-06,3238796965082925.0,11.649488235772514,15899.046586713357,16.06329076019041,989.7751851766204,0.3434433019939705,0.001373773207975882
100.0,4.728708045015879,1e-05,3.2387969650829256e+16,12.14579506629972,1728.2608249822008,16.865525615926288,102.47298924085631,1.1653779780072802,0.004661511912029121
100.0,4.728708045015879,0.0001,3.2387969650829254e+17,12.711468205293968,189.2992174563879,17.78393833415608,10.644392366836833,4.140417463411277,0.016561669853645107
100.0,4.728708045015879,0.001,3.2387969650829256e+18,13.36433403090044,20.924352682628847,18.849432242567566,1.1100786704532934,42.83839511134839,0.17135358044539356
100.0,4.728708045015879,0.01,3.2387969650829255e+19,14.129371286937213,2.338853732293544,20.105623576058385,0.11632833587308539,inf,inf
100.0,4.728708045015879,0.1,3.2387969650829256e+20,15.042881287560375,0.2651059310803353,21.616420083401895,0.01226409970094429,inf,inf
100.0,4.728708045015879,1.0,3.2387969650829254e+21,16.160075328694152,0.03059455560664443,23.479935752991107,0.0013030084889711418,inf,inf
100.0,10.0,1e-06,3238796965082925.0,19.675116156949958,45351.53568282575,29.452960610107922,1539.7954821309752,0.7852976443545412,0.003141190577418165
100.0,10.0,1e-05,3.2387969650829256e+16,20.4489750587605,4898.921473665176,30.789414268849768,159.11057712525266,2.6463834049122252,0.010585533619648901
100.0,10.0,0.0001,3.2387969650829254e+17,21.321972160764332,532.613452638256,32.30597990612393,16.486528320327892,9.193224047158909,0.036772896188635634
100.0,10.0,0.001,3.2387969650829256e+18,22.317259958543588,58.349767799472666,34.04624939642854,1.713838347362678,46.91070320877221,0.18764281283508885
100.0,10.0,0.01,3.2387969650829255e+19,23.466344377074545,6.451315288399311,36.069991509599056,0.17885547011239156,inf,inf
100.0,10.0,0.1,3.2387969650829256e+20,24.81340753377698,0.7213237045675395,38.46172702719041,0.018754324371799573,inf,inf
100.0,10.0,1.0,3.2387969650829254e+21,26.422721954879606,0.0817923143777099,41.34557063674643,0.0019782606242472775,inf,inf
